<?xml version="1.0" encoding="UTF-8"?>
<beans xmlns="http://www.springframework.org/schema/beans"
	xmlns:xsi="http://www.w3.org/2001/XMLSchema-instance" xmlns:p="http://www.springframework.org/schema/p"
	xmlns:mvc="http://www.springframework.org/schema/mvc"
	xmlns:context="http://www.springframework.org/schema/context"
	xsi:schemaLocation="http://www.springframework.org/schema/beans http://www.springframework.org/schema/beans/spring-beans.xsd
	http://www.springframework.org/schema/context http://www.springframework.org/schema/context/spring-context.xsd
	http://www.springframework.org/schema/mvc http://www.springframework.org/schema/mvc/spring-mvc-3.0.xsd">


	
	
		<bean id="repClass1" class="com.exp2.service.ReportClass">
			<property name="Obj1" value="val1_obj1"/>
			<property name="Obj2" value="val1_obj2"/>
			<property name="Obj3" value="val1_obj3"/>
			<property name="Obj4" value="val1_obj4"/>
		</bean>
		<bean id="repClass2" class="com.exp2.service.ReportClass">
			<property name="Obj1" value="val2_obj1"/>
			<property name="Obj2" value="val2_obj2"/>
			<property name="Obj3" value="val2_obj3"/>
			<property name="Obj4" value="val1_obj4"/>
		</bean>
		<bean id="repClass3" class="com.exp2.service.ReportClass">
			<property name="Obj1" value="val3_obj1"/>
			<property name="Obj2" value="val3_obj2"/>
			<property name="Obj3" value="val3_obj3"/>
			<property name="Obj4" value="val1_obj4"/>
		</bean>
		
			<context:component-scan base-package="com.exp2" />
	<!-- <context:component-scan base-package="com.exp3" /> -->

	<!-- Internal Resource View Resolver -->
	<bean class="org.springframework.web.servlet.view.InternalResourceViewResolver">
		<property name="prefix">
			<value>/WEB-INF/jsp/</value>
		</property>
		<property name="suffix">
			<value>.jsp</value>
		</property>
	</bean>
	
</beans>