<?xml version="1.0" encoding="UTF-8"?>
<!DOCTYPE hibernate-mapping PUBLIC
        "-//Hibernate/Hibernate Mapping DTD 3.0//EN"
        "http://www.hibernate.org/dtd/hibernate-mapping-3.0.dtd">
<hibernate-mapping>

    <class name="com.learnHibernate.domainObjects.Course" table="Course">
        <id name="id" column="ID">
            <generator class="assigned"/>
        </id>
        <property name="courseName" column="COURSE_NAME"/>
        <property name="totalStudents" column="TOTAL_STUDENTS"/>
        <property name="registeredStudents" column="REGISTERED_STUDENTS"/>
    </class>
</hibernate-mapping>