<?xml version="1.0" encoding="utf-8"?> 
<!DOCTYPE hibernate-configuration SYSTEM "http://www.hibernate.org/dtd/hibernate-configuration-3.0.dtd">
<hibernate-configuration>
    <session-factory>
        <property name="connection.url">jdbc:mysql://localhost:3306/testHibSchema</property>
        <property name="connection.driver_class">com.mysql.jdbc.Driver</property>
        <property name="connection.username">root</property>
        <property name="connection.password">root</property>
        <property name="connection.pool_size">0</property>
        <property name="dialect">org.hibernate.dialect.MySQL5Dialect</property>
        <property name="current_session_context_class">thread</property>
        <mapping resource="Course.hbm.xml" />
       </session-factory>
</hibernate-configuration>


